关键词,日期,省份,城市,资讯指数
结婚,20220101,广东,广东,892
结婚,20220102,广东,广东,907
结婚,20220103,广东,广东,15117
结婚,20220104,广东,广东,111854
结婚,20220105,广东,广东,20177
结婚,20220106,广东,广东,10192
结婚,20220107,广东,广东,5964
结婚,20220108,广东,广东,259
结婚,20220109,广东,广东,460
结婚,20220110,广东,广东,1752
结婚,20220111,广东,广东,19172
结婚,20220112,广东,广东,19674
结婚,20220113,广东,广东,17762
结婚,20220114,广东,广东,11859
结婚,20220115,广东,广东,1284
结婚,20220116,广东,广东,257
结婚,20220117,广东,广东,1469
结婚,20220118,广东,广东,189
结婚,20220119,广东,广东,210
结婚,20220120,广东,广东,170
结婚,20220121,广东,广东,127
结婚,20220122,广东,广东,312
结婚,20220123,广东,广东,357
结婚,20220124,广东,广东,1262
结婚,20220125,广东,广东,36384
结婚,20220126,广东,广东,1102
结婚,20220127,广东,广东,1520
结婚,20220128,广东,广东,259
结婚,20220129,广东,广东,297
结婚,20220130,广东,广东,2172
结婚,20220131,广东,广东,9017
结婚,20220201,广东,广东,419
结婚,20220202,广东,广东,617
结婚,20220203,广东,广东,36849
结婚,20220204,广东,广东,11309
结婚,20220205,广东,广东,4502
结婚,20220206,广东,广东,400
结婚,20220207,广东,广东,1424
结婚,20220208,广东,广东,2864
结婚,20220209,广东,广东,264
结婚,20220210,广东,广东,184
结婚,20220211,广东,广东,222
结婚,20220212,广东,广东,257
结婚,20220213,广东,广东,2517
结婚,20220214,广东,广东,187
结婚,20220215,广东,广东,490
结婚,20220216,广东,广东,292
结婚,20220217,广东,广东,2810
结婚,20220218,广东,广东,1737
结婚,20220219,广东,广东,927
结婚,20220220,广东,广东,1179
结婚,20220221,广东,广东,4560
结婚,20220222,广东,广东,5440
结婚,20220223,广东,广东,2742
结婚,20220224,广东,广东,1152
结婚,20220225,广东,广东,604
结婚,20220226,广东,广东,572
结婚,20220227,广东,广东,3914
结婚,20220228,广东,广东,1359
结婚,20220301,广东,广东,3544
结婚,20220302,广东,广东,594
结婚,20220303,广东,广东,372
结婚,20220304,广东,广东,1342
结婚,20220305,广东,广东,5917
结婚,20220306,广东,广东,1389
结婚,20220307,广东,广东,1432
结婚,20220308,广东,广东,232129
结婚,20220309,广东,广东,8949
结婚,20220310,广东,广东,879
结婚,20220311,广东,广东,17704
结婚,20220312,广东,广东,1672
结婚,20220313,广东,广东,1319
结婚,20220314,广东,广东,1612
结婚,20220315,广东,广东,992
结婚,20220316,广东,广东,924
结婚,20220317,广东,广东,537
结婚,20220318,广东,广东,162
结婚,20220319,广东,广东,105
结婚,20220320,广东,广东,1087
结婚,20220321,广东,广东,1574
结婚,20220322,广东,广东,1857
结婚,20220323,广东,广东,580
结婚,20220324,广东,广东,745
结婚,20220325,广东,广东,1937
结婚,20220326,广东,广东,3989
结婚,20220327,广东,广东,2384
结婚,20220328,广东,广东,937
结婚,20220329,广东,广东,519
结婚,20220330,广东,广东,444
结婚,20220331,广东,广东,5464
结婚,20220401,广东,广东,1422
结婚,20220402,广东,广东,2002
结婚,20220403,广东,广东,10894
结婚,20220404,广东,广东,2472
结婚,20220405,广东,广东,1480
结婚,20220406,广东,广东,1399
结婚,20220407,广东,广东,760
结婚,20220408,广东,广东,512
结婚,20220409,广东,广东,322
结婚,20220410,广东,广东,694
结婚,20220411,广东,广东,310
结婚,20220412,广东,广东,402
结婚,20220413,广东,广东,1022
结婚,20220414,广东,广东,1090
结婚,20220415,广东,广东,1377
结婚,20220416,广东,广东,1574
结婚,20220417,广东,广东,360
结婚,20220418,广东,广东,317
结婚,20220419,广东,广东,924
结婚,20220420,广东,广东,854
结婚,20220421,广东,广东,814
结婚,20220422,广东,广东,827
结婚,20220423,广东,广东,844
结婚,20220424,广东,广东,924
结婚,20220425,广东,广东,1002
结婚,20220426,广东,广东,937
结婚,20220427,广东,广东,502
结婚,20220428,广东,广东,6912
结婚,20220429,广东,广东,7327
结婚,20220430,广东,广东,490
结婚,20220501,广东,广东,704
结婚,20220502,广东,广东,282
结婚,20220503,广东,广东,189
结婚,20220504,广东,广东,280
结婚,20220505,广东,广东,245
结婚,20220506,广东,广东,237
结婚,20220507,广东,广东,2822
结婚,20220508,广东,广东,4417
结婚,20220509,广东,广东,2080
结婚,20220510,广东,广东,835
结婚,20220511,广东,广东,1214
结婚,20220512,广东,广东,1712
结婚,20220513,广东,广东,275
结婚,20220514,广东,广东,227
结婚,20220515,广东,广东,322
结婚,20220516,广东,广东,2
结婚,20220517,广东,广东,12
结婚,20220518,广东,广东,9
结婚,20220519,广东,广东,17
结婚,20220520,广东,广东,712
结婚,20220521,广东,广东,492
结婚,20220522,广东,广东,267
结婚,20220523,广东,广东,245
结婚,20220524,广东,广东,92
结婚,20220525,广东,广东,3530
结婚,20220526,广东,广东,4094
结婚,20220527,广东,广东,8667
结婚,20220528,广东,广东,267
结婚,20220529,广东,广东,157
结婚,20220530,广东,广东,4949
结婚,20220531,广东,广东,4937
结婚,20220601,广东,广东,4242
结婚,20220602,广东,广东,4782
结婚,20220603,广东,广东,1484
结婚,20220604,广东,广东,122
结婚,20220605,广东,广东,1729
结婚,20220606,广东,广东,1067
结婚,20220607,广东,广东,29817
结婚,20220608,广东,广东,422
结婚,20220609,广东,广东,479
结婚,20220610,广东,广东,1572
结婚,20220611,广东,广东,1640
结婚,20220612,广东,广东,827
结婚,20220613,广东,广东,379
结婚,20220614,广东,广东,435
结婚,20220615,广东,广东,1484
结婚,20220616,广东,广东,1055
结婚,20220617,广东,广东,577
结婚,20220618,广东,广东,312
结婚,20220619,广东,广东,1195
结婚,20220620,广东,广东,16629
结婚,20220621,广东,广东,964
结婚,20220622,广东,广东,5625
结婚,20220623,广东,广东,7232
结婚,20220624,广东,广东,7407
结婚,20220625,广东,广东,102494
结婚,20220626,广东,广东,29122
结婚,20220627,广东,广东,20549
结婚,20220628,广东,广东,10294
结婚,20220629,广东,广东,8087
结婚,20220630,广东,广东,4517
结婚,20220701,广东,广东,14369
结婚,20220702,广东,广东,4507
结婚,20220703,广东,广东,8489
结婚,20220704,广东,广东,662
结婚,20220705,广东,广东,7622
结婚,20220706,广东,广东,201559
结婚,20220707,广东,广东,252
结婚,20220708,广东,广东,2077
结婚,20220709,广东,广东,42
结婚,20220710,广东,广东,22
结婚,20220711,广东,广东,30
结婚,20220712,广东,广东,17
结婚,20220713,广东,广东,552
结婚,20220714,广东,广东,4272
结婚,20220715,广东,广东,3465
结婚,20220716,广东,广东,13152
结婚,20220717,广东,广东,16312
结婚,20220718,广东,广东,25789
结婚,20220719,广东,广东,21312
结婚,20220720,广东,广东,11404
结婚,20220721,广东,广东,9607
结婚,20220722,广东,广东,5137
结婚,20220723,广东,广东,4287
结婚,20220724,广东,广东,3962
结婚,20220725,广东,广东,2075
结婚,20220726,广东,广东,1169
结婚,20220727,广东,广东,714
结婚,20220728,广东,广东,920
结婚,20220729,广东,广东,580
结婚,20220730,广东,广东,559
结婚,20220731,广东,广东,360
结婚,20220801,广东,广东,467
结婚,20220802,广东,广东,540
结婚,20220803,广东,广东,419
结婚,20220804,广东,广东,340
结婚,20220805,广东,广东,282
结婚,20220806,广东,广东,342
结婚,20220807,广东,广东,142
结婚,20220808,广东,广东,105
结婚,20220809,广东,广东,817
结婚,20220810,广东,广东,6575
结婚,20220811,广东,广东,19692
结婚,20220812,广东,广东,3712
结婚,20220813,广东,广东,1040
结婚,20220814,广东,广东,945
结婚,20220815,广东,广东,1628
结婚,20220816,广东,广东,487
结婚,20220817,广东,广东,2972
结婚,20220818,广东,广东,267
结婚,20220819,广东,广东,634
结婚,20220820,广东,广东,519
结婚,20220821,广东,广东,1817
结婚,20220822,广东,广东,75017
结婚,20220823,广东,广东,12824
结婚,20220824,广东,广东,2362
结婚,20220825,广东,广东,12134
结婚,20220826,广东,广东,7909
结婚,20220827,广东,广东,1144
结婚,20220828,广东,广东,1527
结婚,20220829,广东,广东,617
结婚,20220830,广东,广东,900
结婚,20220831,广东,广东,3377
结婚,20220901,广东,广东,45549
结婚,20220902,广东,广东,37269
结婚,20220903,广东,广东,52219
结婚,20220904,广东,广东,54577
结婚,20220905,广东,广东,99747
结婚,20220906,广东,广东,73454
结婚,20220907,广东,广东,314262
结婚,20220908,广东,广东,66734
结婚,20220909,广东,广东,25479
结婚,20220910,广东,广东,32052
结婚,20220911,广东,广东,29592
结婚,20220912,广东,广东,66927
结婚,20220913,广东,广东,42537
结婚,20220914,广东,广东,238009
结婚,20220915,广东,广东,247718
结婚,20220916,广东,广东,157674
结婚,20220917,广东,广东,155826
结婚,20220918,广东,广东,134266
结婚,20220919,广东,广东,114216
结婚,20220920,广东,广东,129876
结婚,20220921,广东,广东,104643
结婚,20220922,广东,广东,104651
结婚,20220923,广东,广东,166891
结婚,20220924,广东,广东,66506
结婚,20220925,广东,广东,131039
结婚,20220926,广东,广东,125491
结婚,20220927,广东,广东,162411
结婚,20220928,广东,广东,154593
结婚,20220929,广东,广东,248738
结婚,20220930,广东,广东,203573
结婚,20221001,广东,广东,171571
结婚,20221002,广东,广东,105106
结婚,20221003,广东,广东,117846
结婚,20221004,广东,广东,650434
结婚,20221005,广东,广东,277022
结婚,20221006,广东,广东,326794
结婚,20221007,广东,广东,276782
结婚,20221008,广东,广东,250987
结婚,20221009,广东,广东,168387
结婚,20221010,广东,广东,214084
结婚,20221011,广东,广东,153147
结婚,20221012,广东,广东,307022
结婚,20221013,广东,广东,166657
结婚,20221014,广东,广东,117587
结婚,20221015,广东,广东,97359
结婚,20221016,广东,广东,191124
结婚,20221017,广东,广东,271959
结婚,20221018,广东,广东,298519
结婚,20221019,广东,广东,193922
结婚,20221020,广东,广东,387544
结婚,20221021,广东,广东,454822
结婚,20221022,广东,广东,238327
结婚,20221023,广东,广东,176284
结婚,20221024,广东,广东,166107
结婚,20221025,广东,广东,167812
结婚,20221026,广东,广东,100947
结婚,20221027,广东,广东,101922
结婚,20221028,广东,广东,113617
结婚,20221029,广东,广东,109179
结婚,20221030,广东,广东,282634
结婚,20221031,广东,广东,82777
结婚,20221101,广东,广东,122339
结婚,20221102,广东,广东,85717
结婚,20221103,广东,广东,73234
结婚,20221104,广东,广东,73269
结婚,20221105,广东,广东,55974
结婚,20221106,广东,广东,110394
结婚,20221107,广东,广东,204058
结婚,20221108,广东,广东,161182
结婚,20221109,广东,广东,138569
结婚,20221110,广东,广东,127147
结婚,20221111,广东,广东,322454
结婚,20221112,广东,广东,247127
结婚,20221113,广东,广东,715384
结婚,20221114,广东,广东,506774
结婚,20221115,广东,广东,778484
结婚,20221116,广东,广东,563402
结婚,20221117,广东,广东,900568
结婚,20221118,广东,广东,396372
结婚,20221119,广东,广东,367329
结婚,20221120,广东,广东,440042
结婚,20221121,广东,广东,410357
结婚,20221122,广东,广东,353399
结婚,20221123,广东,广东,378147
结婚,20221124,广东,广东,402402
结婚,20221125,广东,广东,493407
结婚,20221126,广东,广东,762307
结婚,20221127,广东,广东,754447
结婚,20221128,广东,广东,1420688
结婚,20221129,广东,广东,406252
结婚,20221130,广东,广东,820254
结婚,20221201,广东,广东,342492
结婚,20221202,广东,广东,372974
结婚,20221203,广东,广东,397372
结婚,20221204,广东,广东,360852
结婚,20221205,广东,广东,452717
结婚,20221206,广东,广东,433269
结婚,20221207,广东,广东,479692
结婚,20221208,广东,广东,340019
结婚,20221209,广东,广东,325424
结婚,20221210,广东,广东,431509
结婚,20221211,广东,广东,434042
结婚,20221212,广东,广东,491874
结婚,20221213,广东,广东,499374
结婚,20221214,广东,广东,605489
结婚,20221215,广东,广东,595892
结婚,20221216,广东,广东,828879
结婚,20221217,广东,广东,923109
结婚,20221218,广东,广东,778619
结婚,20221219,广东,广东,621707
结婚,20221220,广东,广东,657697
结婚,20221221,广东,广东,693832
结婚,20221222,广东,广东,685572
结婚,20221223,广东,广东,757029
结婚,20221224,广东,广东,775764
结婚,20221225,广东,广东,763232
结婚,20221226,广东,广东,756682
结婚,20221227,广东,广东,759722
结婚,20221228,广东,广东,1045849
结婚,20221229,广东,广东,994147
结婚,20221230,广东,广东,886437
结婚,20221231,广东,广东,796749
结婚,20230101,广东,广东,866272
结婚,20230102,广东,广东,1092794
结婚,20230103,广东,广东,729824
结婚,20230104,广东,广东,799934
结婚,20230105,广东,广东,739797
结婚,20230106,广东,广东,703269
结婚,20230107,广东,广东,678567
结婚,20230108,广东,广东,710349
结婚,20230109,广东,广东,737832
结婚,20230110,广东,广东,761562
结婚,20230111,广东,广东,561792
结婚,20230112,广东,广东,697864
结婚,20230113,广东,广东,626974
结婚,20230114,广东,广东,467049
结婚,20230115,广东,广东,498937
结婚,20230116,广东,广东,587109
结婚,20230117,广东,广东,459789
结婚,20230118,广东,广东,321182
结婚,20230119,广东,广东,208002
结婚,20230120,广东,广东,221809
结婚,20230121,广东,广东,201952
结婚,20230122,广东,广东,304642
结婚,20230123,广东,广东,237602
结婚,20230124,广东,广东,221564
结婚,20230125,广东,广东,200882
结婚,20230126,广东,广东,207069
结婚,20230127,广东,广东,183074
结婚,20230128,广东,广东,165412
结婚,20230129,广东,广东,167044
结婚,20230130,广东,广东,169929
结婚,20230131,广东,广东,205814
结婚,20230201,广东,广东,225822
结婚,20230202,广东,广东,175257
结婚,20230203,广东,广东,210642
结婚,20230204,广东,广东,272357
结婚,20230205,广东,广东,348207
结婚,20230206,广东,广东,156954
结婚,20230207,广东,广东,196199
结婚,20230208,广东,广东,212659
结婚,20230209,广东,广东,148292
结婚,20230210,广东,广东,225567
结婚,20230211,广东,广东,276347
结婚,20230212,广东,广东,192839
结婚,20230213,广东,广东,142674
结婚,20230214,广东,广东,182424
结婚,20230215,广东,广东,253347
结婚,20230216,广东,广东,209939
结婚,20230217,广东,广东,168314
结婚,20230218,广东,广东,139109
结婚,20230219,广东,广东,175074
结婚,20230220,广东,广东,183542
结婚,20230221,广东,广东,150897
结婚,20230222,广东,广东,142627
结婚,20230223,广东,广东,128847
结婚,20230224,广东,广东,127037
结婚,20230225,广东,广东,233349
结婚,20230226,广东,广东,285619
结婚,20230227,广东,广东,288627
结婚,20230228,广东,广东,199167
结婚,20230301,广东,广东,174362
结婚,20230302,广东,广东,241252
结婚,20230303,广东,广东,204269
结婚,20230304,广东,广东,206569
结婚,20230305,广东,广东,213049
结婚,20230306,广东,广东,128122
结婚,20230307,广东,广东,233957
结婚,20230308,广东,广东,147797
结婚,20230309,广东,广东,160734
结婚,20230310,广东,广东,110534
结婚,20230311,广东,广东,221969
结婚,20230312,广东,广东,141084
结婚,20230313,广东,广东,240939
结婚,20230314,广东,广东,324647
结婚,20230315,广东,广东,263537
结婚,20230316,广东,广东,153049
结婚,20230317,广东,广东,197524
结婚,20230318,广东,广东,127924
结婚,20230319,广东,广东,168329
结婚,20230320,广东,广东,155034
结婚,20230321,广东,广东,125814
结婚,20230322,广东,广东,100464
结婚,20230323,广东,广东,111869
结婚,20230324,广东,广东,122042
结婚,20230325,广东,广东,102634
结婚,20230326,广东,广东,141889
结婚,20230327,广东,广东,178147
结婚,20230328,广东,广东,98949
结婚,20230329,广东,广东,91139
结婚,20230330,广东,广东,143119
结婚,20230331,广东,广东,140822
结婚,20230401,广东,广东,101494
结婚,20230402,广东,广东,125947
结婚,20230403,广东,广东,112342
结婚,20230404,广东,广东,196762
结婚,20230405,广东,广东,197964
结婚,20230406,广东,广东,196267
结婚,20230407,广东,广东,247437
结婚,20230408,广东,广东,254419
结婚,20230409,广东,广东,203847
结婚,20230410,广东,广东,167094
结婚,20230411,广东,广东,179362
结婚,20230412,广东,广东,146179
结婚,20230413,广东,广东,193384
结婚,20230414,广东,广东,177772
结婚,20230415,广东,广东,231622
结婚,20230416,广东,广东,238739
结婚,20230417,广东,广东,329867
结婚,20230418,广东,广东,1779598
结婚,20230419,广东,广东,725189
结婚,20230420,广东,广东,651852
结婚,20230421,广东,广东,661529
结婚,20230422,广东,广东,549972
结婚,20230423,广东,广东,489837
结婚,20230424,广东,广东,298839
结婚,20230425,广东,广东,241137
结婚,20230426,广东,广东,379879
结婚,20230427,广东,广东,288407
结婚,20230428,广东,广东,278809
结婚,20230429,广东,广东,265642
结婚,20230430,广东,广东,259182
结婚,20230501,广东,广东,159269
结婚,20230502,广东,广东,170279
结婚,20230503,广东,广东,123624
结婚,20230504,广东,广东,116937
结婚,20230505,广东,广东,173694
结婚,20230506,广东,广东,133994
结婚,20230507,广东,广东,356222
结婚,20230508,广东,广东,192632
结婚,20230509,广东,广东,228004
结婚,20230510,广东,广东,241542
结婚,20230511,广东,广东,189097
结婚,20230512,广东,广东,210742
结婚,20230513,广东,广东,252479
结婚,20230514,广东,广东,283752
结婚,20230515,广东,广东,128402
结婚,20230516,广东,广东,444504
结婚,20230517,广东,广东,349729
结婚,20230518,广东,广东,257509
结婚,20230519,广东,广东,159389
结婚,20230520,广东,广东,286202
结婚,20230521,广东,广东,187377
结婚,20230522,广东,广东,147482
结婚,20230523,广东,广东,185147
结婚,20230524,广东,广东,129857
结婚,20230525,广东,广东,118622
结婚,20230526,广东,广东,119697
结婚,20230527,广东,广东,125349
结婚,20230528,广东,广东,156027
结婚,20230529,广东,广东,254032
结婚,20230530,广东,广东,201627
结婚,20230531,广东,广东,238774
结婚,20230601,广东,广东,158452
结婚,20230602,广东,广东,125974
结婚,20230603,广东,广东,129712
结婚,20230604,广东,广东,225739
结婚,20230605,广东,广东,115237
结婚,20230606,广东,广东,89882
结婚,20230607,广东,广东,82027
结婚,20230608,广东,广东,118949
结婚,20230609,广东,广东,114972
结婚,20230610,广东,广东,95042
结婚,20230611,广东,广东,145429
结婚,20230612,广东,广东,812147
结婚,20230613,广东,广东,303414
结婚,20230614,广东,广东,341244
结婚,20230615,广东,广东,151694
结婚,20230616,广东,广东,170272
结婚,20230617,广东,广东,159072
结婚,20230618,广东,广东,139639
结婚,20230619,广东,广东,119672
结婚,20230620,广东,广东,118572
结婚,20230621,广东,广东,116604
结婚,20230622,广东,广东,97799
结婚,20230623,广东,广东,104012
结婚,20230624,广东,广东,141359
结婚,20230625,广东,广东,154702
结婚,20230626,广东,广东,252397
结婚,20230627,广东,广东,1493328
结婚,20230628,广东,广东,377387
结婚,20230629,广东,广东,190662
结婚,20230630,广东,广东,238424
结婚,20230701,广东,广东,144709
结婚,20230702,广东,广东,147857
结婚,20230703,广东,广东,162519
结婚,20230704,广东,广东,113287
结婚,20230705,广东,广东,92582
结婚,20230706,广东,广东,61342
结婚,20230707,广东,广东,171219
结婚,20230708,广东,广东,179182
结婚,20230709,广东,广东,122824
结婚,20230710,广东,广东,138619
结婚,20230711,广东,广东,140334
结婚,20230712,广东,广东,136874
结婚,20230713,广东,广东,99114
结婚,20230714,广东,广东,77132
结婚,20230715,广东,广东,108567
结婚,20230716,广东,广东,121989
结婚,20230717,广东,广东,164309
结婚,20230718,广东,广东,135524
结婚,20230719,广东,广东,171462
结婚,20230720,广东,广东,172194
结婚,20230721,广东,广东,152799
结婚,20230722,广东,广东,152629
结婚,20230723,广东,广东,177817
结婚,20230724,广东,广东,144344
结婚,20230725,广东,广东,148489
结婚,20230726,广东,广东,158789
结婚,20230727,广东,广东,260657
结婚,20230728,广东,广东,266122
结婚,20230729,广东,广东,158112
结婚,20230730,广东,广东,157162
结婚,20230731,广东,广东,164159
结婚,20230801,广东,广东,148692
结婚,20230802,广东,广东,110079
结婚,20230803,广东,广东,105544
结婚,20230804,广东,广东,100617
结婚,20230805,广东,广东,157357
结婚,20230806,广东,广东,212714
结婚,20230807,广东,广东,135647
结婚,20230808,广东,广东,98547
结婚,20230809,广东,广东,88412
结婚,20230810,广东,广东,201702
结婚,20230811,广东,广东,129774
结婚,20230812,广东,广东,102104
结婚,20230813,广东,广东,92702
结婚,20230814,广东,广东,135677
结婚,20230815,广东,广东,110592
结婚,20230816,广东,广东,88882
结婚,20230817,广东,广东,84284
结婚,20230818,广东,广东,112114
结婚,20230819,广东,广东,110244
结婚,20230820,广东,广东,105499
结婚,20230821,广东,广东,89432
结婚,20230822,广东,广东,109937
结婚,20230823,广东,广东,183259
结婚,20230824,广东,广东,121459
结婚,20230825,广东,广东,138597
结婚,20230826,广东,广东,116889
结婚,20230827,广东,广东,148692
结婚,20230828,广东,广东,182344
结婚,20230829,广东,广东,160957
结婚,20230830,广东,广东,119972
结婚,20230831,广东,广东,97332
结婚,20230901,广东,广东,135757
结婚,20230902,广东,广东,167947
结婚,20230903,广东,广东,143577
结婚,20230904,广东,广东,91579
结婚,20230905,广东,广东,130749
结婚,20230906,广东,广东,110437
结婚,20230907,广东,广东,127992
结婚,20230908,广东,广东,116277
结婚,20230909,广东,广东,116022
结婚,20230910,广东,广东,105074
结婚,20230911,广东,广东,174307
结婚,20230912,广东,广东,114892
结婚,20230913,广东,广东,175159
结婚,20230914,广东,广东,170554
结婚,20230915,广东,广东,188687
结婚,20230916,广东,广东,152807
结婚,20230917,广东,广东,176614
结婚,20230918,广东,广东,240559
结婚,20230919,广东,广东,149699
结婚,20230920,广东,广东,181134
结婚,20230921,广东,广东,164294
结婚,20230922,广东,广东,225724
结婚,20230923,广东,广东,182612
结婚,20230924,广东,广东,276667
结婚,20230925,广东,广东,307404
结婚,20230926,广东,广东,218112
结婚,20230927,广东,广东,199529
结婚,20230928,广东,广东,144837
结婚,20230929,广东,广东,150012
结婚,20230930,广东,广东,162827
结婚,20231001,广东,广东,155824
结婚,20231002,广东,广东,843662
结婚,20231003,广东,广东,267377
结婚,20231004,广东,广东,377684
结婚,20231005,广东,广东,294639
结婚,20231006,广东,广东,242149
结婚,20231007,广东,广东,228004
结婚,20231008,广东,广东,196007
结婚,20231009,广东,广东,176507
结婚,20231010,广东,广东,204449
结婚,20231011,广东,广东,274639
结婚,20231012,广东,广东,203422
结婚,20231013,广东,广东,275677
结婚,20231014,广东,广东,206979
结婚,20231015,广东,广东,333452
结婚,20231016,广东,广东,302412
结婚,20231017,广东,广东,217287
结婚,20231018,广东,广东,238534
结婚,20231019,广东,广东,299124
结婚,20231020,广东,广东,177622
结婚,20231021,广东,广东,213487
结婚,20231022,广东,广东,241289
结婚,20231023,广东,广东,178062
结婚,20231024,广东,广东,209287
结婚,20231025,广东,广东,283177
结婚,20231026,广东,广东,152847
结婚,20231027,广东,广东,257184
结婚,20231028,广东,广东,342747
结婚,20231029,广东,广东,350999
结婚,20231030,广东,广东,252642
结婚,20231031,广东,广东,221677
结婚,20231101,广东,广东,184604
结婚,20231102,广东,广东,359607
结婚,20231103,广东,广东,236629
结婚,20231104,广东,广东,161957
结婚,20231105,广东,广东,154987
结婚,20231106,广东,广东,149592
结婚,20231107,广东,广东,147667
结婚,20231108,广东,广东,136024
结婚,20231109,广东,广东,84892
结婚,20231110,广东,广东,127497
结婚,20231111,广东,广东,157964
结婚,20231112,广东,广东,165159
结婚,20231113,广东,广东,150062
结婚,20231114,广东,广东,168667
结婚,20231115,广东,广东,221829
结婚,20231116,广东,广东,172257
结婚,20231117,广东,广东,123862
结婚,20231118,广东,广东,121574
结婚,20231119,广东,广东,116212
结婚,20231120,广东,广东,161067
结婚,20231121,广东,广东,212044
结婚,20231122,广东,广东,341519
结婚,20231123,广东,广东,263172
结婚,20231124,广东,广东,233834
结婚,20231125,广东,广东,187104
结婚,20231126,广东,广东,205314
结婚,20231127,广东,广东,172497
结婚,20231128,广东,广东,150849
结婚,20231129,广东,广东,207927
结婚,20231130,广东,广东,712302
结婚,20231201,广东,广东,308077
结婚,20231202,广东,广东,268687
结婚,20231203,广东,广东,270707
结婚,20231204,广东,广东,174104
结婚,20231205,广东,广东,167542
结婚,20231206,广东,广东,229097
结婚,20231207,广东,广东,201672
结婚,20231208,广东,广东,205012
结婚,20231209,广东,广东,242544
结婚,20231210,广东,广东,240814
结婚,20231211,广东,广东,238474
结婚,20231212,广东,广东,185549
结婚,20231213,广东,广东,216074
结婚,20231214,广东,广东,187474
结婚,20231215,广东,广东,186239
结婚,20231216,广东,广东,151922
结婚,20231217,广东,广东,320342
结婚,20231218,广东,广东,291007
结婚,20231219,广东,广东,326794
结婚,20231220,广东,广东,247062
离婚,20220101,广东,广东,52
离婚,20220102,广东,广东,62
离婚,20220103,广东,广东,25
离婚,20220104,广东,广东,12
离婚,20220105,广东,广东,32
离婚,20220106,广东,广东,30
离婚,20220107,广东,广东,20
离婚,20220108,广东,广东,20
离婚,20220109,广东,广东,4
离婚,20220110,广东,广东,7
离婚,20220111,广东,广东,20
离婚,20220112,广东,广东,2557
离婚,20220113,广东,广东,17
离婚,20220114,广东,广东,27
离婚,20220115,广东,广东,39
离婚,20220116,广东,广东,55
离婚,20220117,广东,广东,187
离婚,20220118,广东,广东,77
离婚,20220119,广东,广东,87
离婚,20220120,广东,广东,122
离婚,20220121,广东,广东,87
离婚,20220122,广东,广东,49
离婚,20220123,广东,广东,20
离婚,20220124,广东,广东,25
离婚,20220125,广东,广东,9
离婚,20220126,广东,广东,62
离婚,20220127,广东,广东,0
离婚,20220128,广东,广东,18849
离婚,20220129,广东,广东,7934
离婚,20220130,广东,广东,12919
离婚,20220131,广东,广东,3179
离婚,20220201,广东,广东,22
离婚,20220202,广东,广东,7
离婚,20220203,广东,广东,7
离婚,20220204,广东,广东,4
离婚,20220205,广东,广东,0
离婚,20220206,广东,广东,4
离婚,20220207,广东,广东,9
离婚,20220208,广东,广东,2
离婚,20220209,广东,广东,0
离婚,20220210,广东,广东,0
离婚,20220211,广东,广东,2
离婚,20220212,广东,广东,0
离婚,20220213,广东,广东,0
离婚,20220214,广东,广东,0
离婚,20220215,广东,广东,4
离婚,20220216,广东,广东,0
离婚,20220217,广东,广东,2
离婚,20220218,广东,广东,0
离婚,20220219,广东,广东,7
离婚,20220220,广东,广东,0
离婚,20220221,广东,广东,7
离婚,20220222,广东,广东,0
离婚,20220223,广东,广东,0
离婚,20220224,广东,广东,62
离婚,20220225,广东,广东,12
离婚,20220226,广东,广东,4
离婚,20220227,广东,广东,2
离婚,20220228,广东,广东,2
离婚,20220301,广东,广东,2
离婚,20220302,广东,广东,0
离婚,20220303,广东,广东,2
离婚,20220304,广东,广东,0
离婚,20220305,广东,广东,2
离婚,20220306,广东,广东,0
离婚,20220307,广东,广东,0
离婚,20220308,广东,广东,0
离婚,20220309,广东,广东,187
离婚,20220310,广东,广东,47
离婚,20220311,广东,广东,32
离婚,20220312,广东,广东,57
离婚,20220313,广东,广东,172
离婚,20220314,广东,广东,89
离婚,20220315,广东,广东,137
离婚,20220316,广东,广东,22
离婚,20220317,广东,广东,0
离婚,20220318,广东,广东,9
离婚,20220319,广东,广东,7
离婚,20220320,广东,广东,17
离婚,20220321,广东,广东,32
离婚,20220322,广东,广东,12
离婚,20220323,广东,广东,20
离婚,20220324,广东,广东,30
离婚,20220325,广东,广东,7
离婚,20220326,广东,广东,0
离婚,20220327,广东,广东,0
离婚,20220328,广东,广东,0
离婚,20220329,广东,广东,0
离婚,20220330,广东,广东,0
离婚,20220331,广东,广东,4
离婚,20220401,广东,广东,0
离婚,20220402,广东,广东,0
离婚,20220403,广东,广东,0
离婚,20220404,广东,广东,0
离婚,20220405,广东,广东,4
离婚,20220406,广东,广东,0
离婚,20220407,广东,广东,0
离婚,20220408,广东,广东,0
离婚,20220409,广东,广东,0
离婚,20220410,广东,广东,0
离婚,20220411,广东,广东,0
离婚,20220412,广东,广东,0
离婚,20220413,广东,广东,0
离婚,20220414,广东,广东,0
离婚,20220415,广东,广东,0
离婚,20220416,广东,广东,0
离婚,20220417,广东,广东,0
离婚,20220418,广东,广东,0
离婚,20220419,广东,广东,105
离婚,20220420,广东,广东,587
离婚,20220421,广东,广东,0
离婚,20220422,广东,广东,0
离婚,20220423,广东,广东,0
离婚,20220424,广东,广东,2
离婚,20220425,广东,广东,0
离婚,20220426,广东,广东,0
离婚,20220427,广东,广东,32
离婚,20220428,广东,广东,187
离婚,20220429,广东,广东,0
离婚,20220430,广东,广东,0
离婚,20220501,广东,广东,0
离婚,20220502,广东,广东,0
离婚,20220503,广东,广东,4
离婚,20220504,广东,广东,2
离婚,20220505,广东,广东,0
离婚,20220506,广东,广东,0
离婚,20220507,广东,广东,0
离婚,20220508,广东,广东,0
离婚,20220509,广东,广东,0
离婚,20220510,广东,广东,2
离婚,20220511,广东,广东,0
离婚,20220512,广东,广东,2017
离婚,20220513,广东,广东,21189
离婚,20220514,广东,广东,27
离婚,20220515,广东,广东,9
离婚,20220516,广东,广东,0
离婚,20220517,广东,广东,0
离婚,20220518,广东,广东,0
离婚,20220519,广东,广东,0
离婚,20220520,广东,广东,0
离婚,20220521,广东,广东,0
离婚,20220522,广东,广东,0
离婚,20220523,广东,广东,2
离婚,20220524,广东,广东,0
离婚,20220525,广东,广东,390
离婚,20220526,广东,广东,382
离婚,20220527,广东,广东,0
离婚,20220528,广东,广东,0
离婚,20220529,广东,广东,0
离婚,20220530,广东,广东,0
离婚,20220531,广东,广东,0
离婚,20220601,广东,广东,0
离婚,20220602,广东,广东,0
离婚,20220603,广东,广东,0
离婚,20220604,广东,广东,0
离婚,20220605,广东,广东,0
离婚,20220606,广东,广东,0
离婚,20220607,广东,广东,7
离婚,20220608,广东,广东,0
离婚,20220609,广东,广东,2
离婚,20220610,广东,广东,0
离婚,20220611,广东,广东,0
离婚,20220612,广东,广东,0
离婚,20220613,广东,广东,0
离婚,20220614,广东,广东,0
离婚,20220615,广东,广东,0
离婚,20220616,广东,广东,0
离婚,20220617,广东,广东,0
离婚,20220618,广东,广东,0
离婚,20220619,广东,广东,37
离婚,20220620,广东,广东,17
离婚,20220621,广东,广东,9
离婚,20220622,广东,广东,25
离婚,20220623,广东,广东,4
离婚,20220624,广东,广东,17
离婚,20220625,广东,广东,4
离婚,20220626,广东,广东,0
离婚,20220627,广东,广东,4
离婚,20220628,广东,广东,62
离婚,20220629,广东,广东,819
离婚,20220630,广东,广东,237
离婚,20220701,广东,广东,189
离婚,20220702,广东,广东,114
离婚,20220703,广东,广东,82
离婚,20220704,广东,广东,145
离婚,20220705,广东,广东,92
离婚,20220706,广东,广东,9
离婚,20220707,广东,广东,7
离婚,20220708,广东,广东,0
离婚,20220709,广东,广东,0
离婚,20220710,广东,广东,0
离婚,20220711,广东,广东,0
离婚,20220712,广东,广东,0
离婚,20220713,广东,广东,0
离婚,20220714,广东,广东,0
离婚,20220715,广东,广东,2
离婚,20220716,广东,广东,0
离婚,20220717,广东,广东,0
离婚,20220718,广东,广东,0
离婚,20220719,广东,广东,0
离婚,20220720,广东,广东,0
离婚,20220721,广东,广东,2
离婚,20220722,广东,广东,0
离婚,20220723,广东,广东,0
离婚,20220724,广东,广东,0
离婚,20220725,广东,广东,2
离婚,20220726,广东,广东,15
离婚,20220727,广东,广东,32
离婚,20220728,广东,广东,0
离婚,20220729,广东,广东,0
离婚,20220730,广东,广东,0
离婚,20220731,广东,广东,0
离婚,20220801,广东,广东,0
离婚,20220802,广东,广东,0
离婚,20220803,广东,广东,0
离婚,20220804,广东,广东,0
离婚,20220805,广东,广东,0
离婚,20220806,广东,广东,4
离婚,20220807,广东,广东,0
离婚,20220808,广东,广东,0
离婚,20220809,广东,广东,0
离婚,20220810,广东,广东,0
离婚,20220811,广东,广东,0
离婚,20220812,广东,广东,0
离婚,20220813,广东,广东,0
离婚,20220814,广东,广东,0
离婚,20220815,广东,广东,0
离婚,20220816,广东,广东,0
离婚,20220817,广东,广东,0
离婚,20220818,广东,广东,0
离婚,20220819,广东,广东,0
离婚,20220820,广东,广东,0
离婚,20220821,广东,广东,0
离婚,20220822,广东,广东,0
离婚,20220823,广东,广东,0
离婚,20220824,广东,广东,9
离婚,20220825,广东,广东,4
离婚,20220826,广东,广东,0
离婚,20220827,广东,广东,0
离婚,20220828,广东,广东,2
离婚,20220829,广东,广东,0
离婚,20220830,广东,广东,2
离婚,20220831,广东,广东,57
离婚,20220901,广东,广东,2
离婚,20220902,广东,广东,4
离婚,20220903,广东,广东,4
离婚,20220904,广东,广东,0
离婚,20220905,广东,广东,7
离婚,20220906,广东,广东,0
离婚,20220907,广东,广东,2
离婚,20220908,广东,广东,0
离婚,20220909,广东,广东,7
离婚,20220910,广东,广东,0
离婚,20220911,广东,广东,0
离婚,20220912,广东,广东,2
离婚,20220913,广东,广东,41179
离婚,20220914,广东,广东,70243
离婚,20220915,广东,广东,35464
离婚,20220916,广东,广东,6951
离婚,20220917,广东,广东,9803
离婚,20220918,广东,广东,34186
离婚,20220919,广东,广东,25138
离婚,20220920,广东,广东,15764
离婚,20220921,广东,广东,10427
离婚,20220922,广东,广东,29369
离婚,20220923,广东,广东,14962
离婚,20220924,广东,广东,9879
离婚,20220925,广东,广东,6267
离婚,20220926,广东,广东,9264
离婚,20220927,广东,广东,7689
离婚,20220928,广东,广东,8471
离婚,20220929,广东,广东,9621
离婚,20220930,广东,广东,14631
离婚,20221001,广东,广东,13316
离婚,20221002,广东,广东,9152
离婚,20221003,广东,广东,7261
离婚,20221004,广东,广东,13000
离婚,20221005,广东,广东,5990
离婚,20221006,广东,广东,9699
离婚,20221007,广东,广东,7677
离婚,20221008,广东,广东,6712
离婚,20221009,广东,广东,8504
离婚,20221010,广东,广东,8032
离婚,20221011,广东,广东,20819
离婚,20221012,广东,广东,7252
离婚,20221013,广东,广东,7237
离婚,20221014,广东,广东,6319
离婚,20221015,广东,广东,6774
离婚,20221016,广东,广东,7532
离婚,20221017,广东,广东,7069
离婚,20221018,广东,广东,7914
离婚,20221019,广东,广东,8892
离婚,20221020,广东,广东,18424
离婚,20221021,广东,广东,16409
离婚,20221022,广东,广东,10972
离婚,20221023,广东,广东,11872
离婚,20221024,广东,广东,11537
离婚,20221025,广东,广东,8682
离婚,20221026,广东,广东,7434
离婚,20221027,广东,广东,14257
离婚,20221028,广东,广东,7537
离婚,20221029,广东,广东,9582
离婚,20221030,广东,广东,16684
离婚,20221031,广东,广东,8734
离婚,20221101,广东,广东,7107
离婚,20221102,广东,广东,7447
离婚,20221103,广东,广东,8817
离婚,20221104,广东,广东,8982
离婚,20221105,广东,广东,9189
离婚,20221106,广东,广东,6044
离婚,20221107,广东,广东,15868
离婚,20221108,广东,广东,6344
离婚,20221109,广东,广东,5507
离婚,20221110,广东,广东,141769
离婚,20221111,广东,广东,494938
离婚,20221112,广东,广东,317597
离婚,20221113,广东,广东,1194698
离婚,20221114,广东,广东,529177
离婚,20221115,广东,广东,1233469
离婚,20221116,广东,广东,767784
离婚,20221117,广东,广东,2017544
离婚,20221118,广东,广东,687214
离婚,20221119,广东,广东,385714
离婚,20221120,广东,广东,496047
离婚,20221121,广东,广东,304824
离婚,20221122,广东,广东,566502
离婚,20221123,广东,广东,734137
离婚,20221124,广东,广东,501669
离婚,20221125,广东,广东,530834
离婚,20221126,广东,广东,465499
离婚,20221127,广东,广东,542594
离婚,20221128,广东,广东,823578
离婚,20221129,广东,广东,264274
离婚,20221130,广东,广东,615698
离婚,20221201,广东,广东,250254
离婚,20221202,广东,广东,303457
离婚,20221203,广东,广东,336624
离婚,20221204,广东,广东,445317
离婚,20221205,广东,广东,522929
离婚,20221206,广东,广东,656269
离婚,20221207,广东,广东,767019
离婚,20221208,广东,广东,413332
离婚,20221209,广东,广东,274279
离婚,20221210,广东,广东,270564
离婚,20221211,广东,广东,369287
离婚,20221212,广东,广东,393867
离婚,20221213,广东,广东,291692
离婚,20221214,广东,广东,567789
离婚,20221215,广东,广东,595092
离婚,20221216,广东,广东,527382
离婚,20221217,广东,广东,554164
离婚,20221218,广东,广东,737854
离婚,20221219,广东,广东,659722
离婚,20221220,广东,广东,708542
离婚,20221221,广东,广东,640549
离婚,20221222,广东,广东,993947
离婚,20221223,广东,广东,704677
离婚,20221224,广东,广东,640492
离婚,20221225,广东,广东,522302
离婚,20221226,广东,广东,513144
离婚,20221227,广东,广东,371484
离婚,20221228,广东,广东,329122
离婚,20221229,广东,广东,470064
离婚,20221230,广东,广东,372544
离婚,20221231,广东,广东,444009
离婚,20230101,广东,广东,510919
离婚,20230102,广东,广东,655869
离婚,20230103,广东,广东,632419
离婚,20230104,广东,广东,565187
离婚,20230105,广东,广东,532684
离婚,20230106,广东,广东,662177
离婚,20230107,广东,广东,530124
离婚,20230108,广东,广东,648689
离婚,20230109,广东,广东,558712
离婚,20230110,广东,广东,348352
离婚,20230111,广东,广东,314979
离婚,20230112,广东,广东,284754
离婚,20230113,广东,广东,283927
离婚,20230114,广东,广东,335474
离婚,20230115,广东,广东,338722
离婚,20230116,广东,广东,304644
离婚,20230117,广东,广东,318294
离婚,20230118,广东,广东,197457
离婚,20230119,广东,广东,127967
离婚,20230120,广东,广东,108654
离婚,20230121,广东,广东,86734
离婚,20230122,广东,广东,101532
离婚,20230123,广东,广东,96322
离婚,20230124,广东,广东,97324
离婚,20230125,广东,广东,89397
离婚,20230126,广东,广东,96159
离婚,20230127,广东,广东,95659
离婚,20230128,广东,广东,103907
离婚,20230129,广东,广东,144052
离婚,20230130,广东,广东,143949
离婚,20230131,广东,广东,110852
离婚,20230201,广东,广东,137434
离婚,20230202,广东,广东,148774
离婚,20230203,广东,广东,99237
离婚,20230204,广东,广东,103339
离婚,20230205,广东,广东,95279
离婚,20230206,广东,广东,64937
离婚,20230207,广东,广东,76024
离婚,20230208,广东,广东,66054
离婚,20230209,广东,广东,58297
离婚,20230210,广东,广东,58534
离婚,20230211,广东,广东,62512
离婚,20230212,广东,广东,65272
离婚,20230213,广东,广东,76087
离婚,20230214,广东,广东,69479
离婚,20230215,广东,广东,52392
离婚,20230216,广东,广东,65592
离婚,20230217,广东,广东,66037
离婚,20230218,广东,广东,52464
离婚,20230219,广东,广东,69044
离婚,20230220,广东,广东,58012
离婚,20230221,广东,广东,56464
离婚,20230222,广东,广东,55987
离婚,20230223,广东,广东,61104
离婚,20230224,广东,广东,49234
离婚,20230225,广东,广东,51022
离婚,20230226,广东,广东,69029
离婚,20230227,广东,广东,62367
离婚,20230228,广东,广东,74072
离婚,20230301,广东,广东,60352
离婚,20230302,广东,广东,52572
离婚,20230303,广东,广东,48329
离婚,20230304,广东,广东,43509
离婚,20230305,广东,广东,51254
离婚,20230306,广东,广东,46102
离婚,20230307,广东,广东,53977
离婚,20230308,广东,广东,44637
离婚,20230309,广东,广东,43774
离婚,20230310,广东,广东,53604
离婚,20230311,广东,广东,55434
离婚,20230312,广东,广东,37719
离婚,20230313,广东,广东,45272
离婚,20230314,广东,广东,37022
离婚,20230315,广东,广东,32422
离婚,20230316,广东,广东,34162
离婚,20230317,广东,广东,29394
离婚,20230318,广东,广东,32377
离婚,20230319,广东,广东,35349
离婚,20230320,广东,广东,32837
离婚,20230321,广东,广东,37929
离婚,20230322,广东,广东,40822
离婚,20230323,广东,广东,38497
离婚,20230324,广东,广东,39717
离婚,20230325,广东,广东,44907
离婚,20230326,广东,广东,49557
离婚,20230327,广东,广东,43199
离婚,20230328,广东,广东,41152
离婚,20230329,广东,广东,36662
离婚,20230330,广东,广东,39424
离婚,20230331,广东,广东,48567
离婚,20230401,广东,广东,43594
离婚,20230402,广东,广东,38139
离婚,20230403,广东,广东,37344
离婚,20230404,广东,广东,39119
离婚,20230405,广东,广东,48424
离婚,20230406,广东,广东,29909
离婚,20230407,广东,广东,43862
离婚,20230408,广东,广东,30244
离婚,20230409,广东,广东,27894
离婚,20230410,广东,广东,29229
离婚,20230411,广东,广东,30852
离婚,20230412,广东,广东,29587
离婚,20230413,广东,广东,28307
离婚,20230414,广东,广东,27902
离婚,20230415,广东,广东,43637
离婚,20230416,广东,广东,40687
离婚,20230417,广东,广东,40042
离婚,20230418,广东,广东,44027
离婚,20230419,广东,广东,41144
离婚,20230420,广东,广东,35757
离婚,20230421,广东,广东,35952
离婚,20230422,广东,广东,36359
离婚,20230423,广东,广东,41292
离婚,20230424,广东,广东,34617
离婚,20230425,广东,广东,29842
离婚,20230426,广东,广东,32279
离婚,20230427,广东,广东,38377
离婚,20230428,广东,广东,30452
离婚,20230429,广东,广东,31029
离婚,20230430,广东,广东,27242
离婚,20230501,广东,广东,25729
离婚,20230502,广东,广东,26789
离婚,20230503,广东,广东,38609
离婚,20230504,广东,广东,33984
离婚,20230505,广东,广东,35257
离婚,20230506,广东,广东,29199
离婚,20230507,广东,广东,30027
离婚,20230508,广东,广东,28769
离婚,20230509,广东,广东,32257
离婚,20230510,广东,广东,28169
离婚,20230511,广东,广东,28374
离婚,20230512,广东,广东,26779
离婚,20230513,广东,广东,27704
离婚,20230514,广东,广东,30617
离婚,20230515,广东,广东,31189
离婚,20230516,广东,广东,33727
离婚,20230517,广东,广东,31884
离婚,20230518,广东,广东,26552
离婚,20230519,广东,广东,29514
离婚,20230520,广东,广东,25957
离婚,20230521,广东,广东,33329
离婚,20230522,广东,广东,28442
离婚,20230523,广东,广东,33419
离婚,20230524,广东,广东,28022
离婚,20230525,广东,广东,43109
离婚,20230526,广东,广东,45969
离婚,20230527,广东,广东,61677
离婚,20230528,广东,广东,65849
离婚,20230529,广东,广东,52649
离婚,20230530,广东,广东,47187
离婚,20230531,广东,广东,43987
离婚,20230601,广东,广东,39787
离婚,20230602,广东,广东,34052
离婚,20230603,广东,广东,42489
离婚,20230604,广东,广东,43892
离婚,20230605,广东,广东,43279
离婚,20230606,广东,广东,34804
离婚,20230607,广东,广东,27847
离婚,20230608,广东,广东,29164
离婚,20230609,广东,广东,31629
离婚,20230610,广东,广东,42374
离婚,20230611,广东,广东,55629
离婚,20230612,广东,广东,66319
离婚,20230613,广东,广东,60657
离婚,20230614,广东,广东,55479
离婚,20230615,广东,广东,41452
离婚,20230616,广东,广东,32017
离婚,20230617,广东,广东,29902
离婚,20230618,广东,广东,31107
离婚,20230619,广东,广东,32612
离婚,20230620,广东,广东,36502
离婚,20230621,广东,广东,32124
离婚,20230622,广东,广东,53829
离婚,20230623,广东,广东,134147
离婚,20230624,广东,广东,155102
离婚,20230625,广东,广东,28332
离婚,20230626,广东,广东,36574
离婚,20230627,广东,广东,54419
离婚,20230628,广东,广东,41862
离婚,20230629,广东,广东,52342
离婚,20230630,广东,广东,81849
离婚,20230701,广东,广东,75834
离婚,20230702,广东,广东,108844
离婚,20230703,广东,广东,59147
离婚,20230704,广东,广东,44929
离婚,20230705,广东,广东,33742
离婚,20230706,广东,广东,23839
离婚,20230707,广东,广东,22627
离婚,20230708,广东,广东,36357
离婚,20230709,广东,广东,57042
离婚,20230710,广东,广东,33207
离婚,20230711,广东,广东,21627
离婚,20230712,广东,广东,34402
离婚,20230713,广东,广东,35549
离婚,20230714,广东,广东,29174
离婚,20230715,广东,广东,26699
离婚,20230716,广东,广东,56674
离婚,20230717,广东,广东,76167
离婚,20230718,广东,广东,54054
离婚,20230719,广东,广东,32059
离婚,20230720,广东,广东,227699
离婚,20230721,广东,广东,22814
离婚,20230722,广东,广东,27292
离婚,20230723,广东,广东,41544
离婚,20230724,广东,广东,27014
离婚,20230725,广东,广东,30209
离婚,20230726,广东,广东,31342
离婚,20230727,广东,广东,33649
离婚,20230728,广东,广东,40572
离婚,20230729,广东,广东,28254
离婚,20230730,广东,广东,28892
离婚,20230731,广东,广东,40609
离婚,20230801,广东,广东,45834
离婚,20230802,广东,广东,46629
离婚,20230803,广东,广东,29497
离婚,20230804,广东,广东,120987
离婚,20230805,广东,广东,82627
离婚,20230806,广东,广东,52462
离婚,20230807,广东,广东,26727
离婚,20230808,广东,广东,76207
离婚,20230809,广东,广东,78387
离婚,20230810,广东,广东,66382
离婚,20230811,广东,广东,71194
离婚,20230812,广东,广东,56747
离婚,20230813,广东,广东,35199
离婚,20230814,广东,广东,37489
离婚,20230815,广东,广东,49269
离婚,20230816,广东,广东,38447
离婚,20230817,广东,广东,29029
离婚,20230818,广东,广东,27634
离婚,20230819,广东,广东,28964
离婚,20230820,广东,广东,28799
离婚,20230821,广东,广东,24237
离婚,20230822,广东,广东,23997
离婚,20230823,广东,广东,31484
离婚,20230824,广东,广东,32389
离婚,20230825,广东,广东,61909
离婚,20230826,广东,广东,143557
离婚,20230827,广东,广东,124407
离婚,20230828,广东,广东,38204
离婚,20230829,广东,广东,55839
离婚,20230830,广东,广东,46252
离婚,20230831,广东,广东,31569
离婚,20230901,广东,广东,39354
离婚,20230902,广东,广东,43402
离婚,20230903,广东,广东,105094
离婚,20230904,广东,广东,23457
离婚,20230905,广东,广东,20954
离婚,20230906,广东,广东,23504
离婚,20230907,广东,广东,26847
离婚,20230908,广东,广东,61429
离婚,20230909,广东,广东,92894
离婚,20230910,广东,广东,88584
离婚,20230911,广东,广东,153029
离婚,20230912,广东,广东,80667
离婚,20230913,广东,广东,36284
离婚,20230914,广东,广东,67867
离婚,20230915,广东,广东,31474
离婚,20230916,广东,广东,109279
离婚,20230917,广东,广东,28062
离婚,20230918,广东,广东,28567
离婚,20230919,广东,广东,28307
离婚,20230920,广东,广东,46654
离婚,20230921,广东,广东,42274
离婚,20230922,广东,广东,28789
离婚,20230923,广东,广东,58104
离婚,20230924,广东,广东,62467
离婚,20230925,广东,广东,49069
离婚,20230926,广东,广东,150132
离婚,20230927,广东,广东,82522
离婚,20230928,广东,广东,43002
离婚,20230929,广东,广东,46479
离婚,20230930,广东,广东,50084
离婚,20231001,广东,广东,72642
离婚,20231002,广东,广东,35797
离婚,20231003,广东,广东,80882
离婚,20231004,广东,广东,50434
离婚,20231005,广东,广东,69502
离婚,20231006,广东,广东,30807
离婚,20231007,广东,广东,42222
离婚,20231008,广东,广东,32452
离婚,20231009,广东,广东,93267
离婚,20231010,广东,广东,68789
离婚,20231011,广东,广东,76867
离婚,20231012,广东,广东,36022
离婚,20231013,广东,广东,37507
离婚,20231014,广东,广东,33027
离婚,20231015,广东,广东,42922
离婚,20231016,广东,广东,40709
离婚,20231017,广东,广东,30767
离婚,20231018,广东,广东,56507
离婚,20231019,广东,广东,58867
离婚,20231020,广东,广东,59122
离婚,20231021,广东,广东,74252
离婚,20231022,广东,广东,23032
离婚,20231023,广东,广东,46897
离婚,20231024,广东,广东,44394
离婚,20231025,广东,广东,83717
离婚,20231026,广东,广东,124592
离婚,20231027,广东,广东,39584
离婚,20231028,广东,广东,21707
离婚,20231029,广东,广东,54799
离婚,20231030,广东,广东,63774
离婚,20231031,广东,广东,68789
离婚,20231101,广东,广东,50439
离婚,20231102,广东,广东,62519
离婚,20231103,广东,广东,68572
离婚,20231104,广东,广东,59309
离婚,20231105,广东,广东,43697
离婚,20231106,广东,广东,33262
离婚,20231107,广东,广东,29629
离婚,20231108,广东,广东,35832
离婚,20231109,广东,广东,84329
离婚,20231110,广东,广东,48552
离婚,20231111,广东,广东,59627
离婚,20231112,广东,广东,52364
离婚,20231113,广东,广东,114422
离婚,20231114,广东,广东,65559
离婚,20231115,广东,广东,71937
离婚,20231116,广东,广东,61284
离婚,20231117,广东,广东,62527
离婚,20231118,广东,广东,60064
离婚,20231119,广东,广东,40042
离婚,20231120,广东,广东,47504
离婚,20231121,广东,广东,43819
离婚,20231122,广东,广东,36679
离婚,20231123,广东,广东,33709
离婚,20231124,广东,广东,33287
离婚,20231125,广东,广东,42812
离婚,20231126,广东,广东,54619
离婚,20231127,广东,广东,61794
离婚,20231128,广东,广东,30259
离婚,20231129,广东,广东,23184
离婚,20231130,广东,广东,56144
离婚,20231201,广东,广东,80277
离婚,20231202,广东,广东,61102
离婚,20231203,广东,广东,24862
离婚,20231204,广东,广东,28104
离婚,20231205,广东,广东,25464
离婚,20231206,广东,广东,27482
离婚,20231207,广东,广东,35062
离婚,20231208,广东,广东,33872
离婚,20231209,广东,广东,38467
离婚,20231210,广东,广东,41772
离婚,20231211,广东,广东,46764
离婚,20231212,广东,广东,43137
离婚,20231213,广东,广东,34049
离婚,20231214,广东,广东,27597
离婚,20231215,广东,广东,39234
离婚,20231216,广东,广东,48109
离婚,20231217,广东,广东,29147
离婚,20231218,广东,广东,41254
离婚,20231219,广东,广东,26872
离婚,20231220,广东,广东,49569
